{"cameraMode":{"drawMode":0,"name":"Shaded","section":"Shading Mode"},"sceneLighting":true,"audioPlay":false,"sceneViewState":{"showFog":true,"showMaterialUpdate":false,"showSkybox":true,"showFlares":true,"showImageEffects":true,"showParticleSystems":true},"in2DMode":false,"pivot":{"x":1.4447383880615235,"y":-4.893062114715576,"z":2.4367904663085939},"rotation":{"x":0.08211216330528259,"y":-0.9178102016448975,"z":0.28089794516563418,"w":0.2682965397834778},"size":9.84162712097168,"orthographic":true}